<application>
  <component name="FeatureSuggesterSettings">
    <option name="workingDays">
      <list>
        <option value="1658108480350" />
        <option value="1658192826489" />
        <option value="1658285454983" />
        <option value="1658372153670" />
        <option value="1658454417454" />
        <option value="1658713333457" />
        <option value="1658798126395" />
        <option value="1658883591378" />
        <option value="1658970402557" />
        <option value="1659056328018" />
        <option value="1659322620500" />
        <option value="1659400518247" />
        <option value="1659511599690" />
        <option value="1659574795209" />
        <option value="1659662796637" />
        <option value="1659923948879" />
        <option value="1660006774233" />
        <option value="1660097023815" />
        <option value="1660529404590" />
      </list>
    </option>
  </component>
</application>