<profile version="1.0">
  <option name="myName" value="Default" />
  <inspection_tool class="PyPep8NamingInspection" enabled="true" level="WEAK WARNING" enabled_by_default="true">
    <option name="ignoredErrors">
      <list>
        <option value="N806" />
        <option value="N803" />
        <option value="N802" />
      </list>
    </option>
  </inspection_tool>
  <inspection_tool class="PyUnresolvedReferencesInspection" enabled="false" level="WARNING" enabled_by_default="false">
    <option name="ignoredIdentifiers">
      <list>
        <option value="PyQt5.uic" />
      </list>
    </option>
  </inspection_tool>
</profile>